"filename", "language", "TypeScript", "JSON with Comments", "JSON", "Markdown", "Ini", "Ignore", "Docker", "JavaScript", "HTML", "comment", "blank", "total"
"c:\Users\brand\Desktop\NSE WEB app\Login_server\.dockerignore", "Ignore", 0, 0, 0, 0, 0, 2, 0, 0, 0, 0, 0, 2
"c:\Users\brand\Desktop\NSE WEB app\Login_server\Dockerfile", "Docker", 0, 0, 0, 0, 0, 0, 14, 0, 0, 7, 8, 29
"c:\Users\brand\Desktop\NSE WEB app\Login_server\api\User.ts", "TypeScript", 167, 0, 0, 0, 0, 0, 0, 0, 0, 18, 29, 214
"c:\Users\brand\Desktop\NSE WEB app\Login_server\api\projects.ts", "TypeScript", 74, 0, 0, 0, 0, 0, 0, 0, 0, 19, 23, 116
"c:\Users\brand\Desktop\NSE WEB app\Login_server\config\db.ts", "TypeScript", 14, 0, 0, 0, 0, 0, 0, 0, 0, 1, 3, 18
"c:\Users\brand\Desktop\NSE WEB app\Login_server\desktop.ini", "Ini", 0, 0, 0, 0, 4, 0, 0, 0, 0, 0, 1, 5
"c:\Users\brand\Desktop\NSE WEB app\Login_server\docs\pipelines\pipeline_documentation.md", "Markdown", 0, 0, 0, 89, 0, 0, 0, 0, 0, 0, 53, 142
"c:\Users\brand\Desktop\NSE WEB app\Login_server\docs\pipelines\pipeline_prototype.md", "Markdown", 0, 0, 0, 61, 0, 0, 0, 0, 0, 0, 61, 122
"c:\Users\brand\Desktop\NSE WEB app\Login_server\eslint.config.ts", "TypeScript", 11, 0, 0, 0, 0, 0, 0, 0, 0, 0, 2, 13
"c:\Users\brand\Desktop\NSE WEB app\Login_server\middleware\auth.ts", "TypeScript", 34, 0, 0, 0, 0, 0, 0, 0, 0, 1, 10, 45
"c:\Users\brand\Desktop\NSE WEB app\Login_server\middleware\role.ts", "TypeScript", 18, 0, 0, 0, 0, 0, 0, 0, 0, 0, 6, 24
"c:\Users\brand\Desktop\NSE WEB app\Login_server\models\ChangeOrder.ts", "TypeScript", 22, 0, 0, 0, 0, 0, 0, 0, 0, 0, 4, 26
"c:\Users\brand\Desktop\NSE WEB app\Login_server\models\Project.ts", "TypeScript", 82, 0, 0, 0, 0, 0, 0, 0, 0, 1, 18, 101
"c:\Users\brand\Desktop\NSE WEB app\Login_server\models\User.ts", "TypeScript", 24, 0, 0, 0, 0, 0, 0, 0, 0, 1, 5, 30
"c:\Users\brand\Desktop\NSE WEB app\Login_server\package-lock.json", "JSON", 0, 0, 5240, 0, 0, 0, 0, 0, 0, 0, 1, 5241
"c:\Users\brand\Desktop\NSE WEB app\Login_server\package.json", "JSON", 0, 0, 45, 0, 0, 0, 0, 0, 0, 0, 1, 46
"c:\Users\brand\Desktop\NSE WEB app\Login_server\public\asset-manifest.json", "JSON", 0, 0, 15, 0, 0, 0, 0, 0, 0, 0, 0, 15
"c:\Users\brand\Desktop\NSE WEB app\Login_server\public\index.html", "HTML", 0, 0, 0, 0, 0, 0, 0, 0, 1, 0, 0, 1
"c:\Users\brand\Desktop\NSE WEB app\Login_server\public\manifest.json", "JSON", 0, 0, 25, 0, 0, 0, 0, 0, 0, 0, 1, 26
"c:\Users\brand\Desktop\NSE WEB app\Login_server\routes\projectRoutes.ts", "TypeScript", 145, 0, 0, 0, 0, 0, 0, 0, 0, 21, 22, 188
"c:\Users\brand\Desktop\NSE WEB app\Login_server\routes\userRoutes.ts", "TypeScript", 131, 0, 0, 0, 0, 0, 0, 0, 0, 12, 24, 167
"c:\Users\brand\Desktop\NSE WEB app\Login_server\scripts\assignRole.ts", "TypeScript", 45, 0, 0, 0, 0, 0, 0, 0, 0, 2, 11, 58
"c:\Users\brand\Desktop\NSE WEB app\Login_server\seed.js", "JavaScript", 0, 0, 0, 0, 0, 0, 0, 44, 0, 2, 7, 53
"c:\Users\brand\Desktop\NSE WEB app\Login_server\server.ts", "TypeScript", 21, 0, 0, 0, 0, 0, 0, 0, 0, 5, 6, 32
"c:\Users\brand\Desktop\NSE WEB app\Login_server\tsconfig.json", "JSON with Comments", 0, 17, 0, 0, 0, 0, 0, 0, 0, 0, 0, 17
"Total", "-", 788, 17, 5325, 150, 4, 2, 14, 44, 1, 90, 296, 6731